<?xml version = '1.0' encoding = 'UTF-8'?>
<FKIndexAssociation class="oracle.dbtools.crest.model.design.relational.FKIndexAssociation" directorySegmentName="seg_0" id="0E118CE0-635B-355C-A1DA-AF47922C8504" containerWithKeyObject="AC6DD261-778F-C38D-CE2F-1E4961E7D6D3" localFKIndex="5E368703-1781-7D96-192F-7459492D92EE" name="Theatre_Place_FK">
<createdBy>Milica</createdBy>
<createdTime>2020-11-26 08:11:52 UTC</createdTime>
<generatorID>D742E29A-7701-1D6F-3534-EDDF87FA1CFA</generatorID>
<ownerDesignName>theatremodel</ownerDesignName>
<referredTableLongName>Place</referredTableLongName>
<deleteRule>NO ACTION</deleteRule>
<referredTableID>25EC72C5-EE23-1331-AEB3-387FCBB36452</referredTableID>
<keyObject>5D9D012A-1424-E7C9-9169-479F429B0AE6</keyObject>
<referredKeyID>5D9D012A-1424-E7C9-9169-479F429B0AE6</referredKeyID>
<mandatory>true</mandatory>
<refColNames>id_pl</refColNames>
<transferable>true</transferable>
<rely>false</rely>
<columnDependencyConstraintGenerateInDDL>true</columnDependencyConstraintGenerateInDDL>
</FKIndexAssociation>