<?xml version = '1.0' encoding = 'UTF-8'?>
<FKIndexAssociation class="oracle.dbtools.crest.model.design.relational.FKIndexAssociation" directorySegmentName="seg_0" id="BDC4D118-2705-47D9-CD51-56C5879E3DB9" containerWithKeyObject="5FF1A83F-05B6-9568-A8C7-7D203819354C" localFKIndex="38EDAA70-2EB6-A93D-4C35-26D7F5C15E10" name="Part_Play_FK">
<createdBy>Milica</createdBy>
<createdTime>2020-11-26 08:11:52 UTC</createdTime>
<generatorID>1875F70C-4837-E98E-AC9F-649272627474</generatorID>
<ownerDesignName>theatremodel</ownerDesignName>
<referredTableLongName>Play</referredTableLongName>
<deleteRule>NO ACTION</deleteRule>
<referredTableID>BF2CF313-045A-B5B9-3023-62899C40D7E5</referredTableID>
<keyObject>951A3230-00BE-3B91-B427-CC8D302F62A5</keyObject>
<referredKeyID>951A3230-00BE-3B91-B427-CC8D302F62A5</referredKeyID>
<mandatory>true</mandatory>
<refColNames>id_pl</refColNames>
<transferable>true</transferable>
<rely>false</rely>
<columnDependencyConstraintGenerateInDDL>true</columnDependencyConstraintGenerateInDDL>
</FKIndexAssociation>