<?xml version = '1.0' encoding = 'UTF-8'?>
<Table class="oracle.dbtools.crest.model.design.relational.Table" directorySegmentName="seg_0" id="CB5717B1-81B2-DD03-37C7-FDA23B554811" name="Play">
<createdBy>User</createdBy>
<createdTime>2020-11-25 22:30:26 UTC</createdTime>
<generatorID>24F04CB7-5E9E-4997-6878-50E835D8CDC1</generatorID>
<ownerDesignName>theatremodel</ownerDesignName>
<allowColumnReorder>false</allowColumnReorder>
<existDependencyGenerateInDDl>true</existDependencyGenerateInDDl>
<parsed>true</parsed>
<columns itemClass="oracle.dbtools.crest.model.design.relational.Column">
<Column name="idplay" id="3FDC2A1F-345A-5FFA-C5C6-FFA62BD04754">
<createdBy>User</createdBy>
<createdTime>2020-11-25 22:30:26 UTC</createdTime>
<generatorID>965A2276-381F-5028-3D48-9C71AB33210B</generatorID>
<ownerDesignName>theatremodel</ownerDesignName>
<useDomainConstraints>false</useDomainConstraints>
<use>1</use>
<logicalDatatype>LOGDT011</logicalDatatype>
<ownDataTypeParameters>,,</ownDataTypeParameters>
<autoIncrementCycle>false</autoIncrementCycle>
</Column>
<Column name="plname" id="5BFE20B8-87FC-D447-A131-46EE293C479C">
<createdBy>User</createdBy>
<createdTime>2020-11-25 22:30:26 UTC</createdTime>
<generatorID>EBF52149-900A-A0C4-5738-FE14EEB42B1C</generatorID>
<ownerDesignName>theatremodel</ownerDesignName>
<useDomainConstraints>false</useDomainConstraints>
<use>1</use>
<logicalDatatype>LOGDT024</logicalDatatype>
<dataTypeSize>32 CHAR</dataTypeSize>
<ownDataTypeParameters>32 CHAR,,</ownDataTypeParameters>
<autoIncrementCycle>false</autoIncrementCycle>
</Column>
<Column name="plduration" id="2D1743FB-02F0-5821-6BB7-6E0242670759">
<createdBy>User</createdBy>
<createdTime>2020-11-25 22:30:26 UTC</createdTime>
<generatorID>223FB8D4-C914-E8E2-8D4F-E43166B35366</generatorID>
<ownerDesignName>theatremodel</ownerDesignName>
<useDomainConstraints>false</useDomainConstraints>
<use>1</use>
<logicalDatatype>LOGDT024</logicalDatatype>
<dataTypeSize>32 CHAR</dataTypeSize>
<ownDataTypeParameters>32 CHAR,,</ownDataTypeParameters>
<autoIncrementCycle>false</autoIncrementCycle>
</Column>
<Column name="plyear" id="91D84D2D-D8C3-7478-EE35-1B0C9C30D92A">
<createdBy>User</createdBy>
<createdTime>2020-11-25 22:30:26 UTC</createdTime>
<generatorID>F58539E3-85F0-569A-AC63-0B70A5CAD7A5</generatorID>
<ownerDesignName>theatremodel</ownerDesignName>
<useDomainConstraints>false</useDomainConstraints>
<use>1</use>
<logicalDatatype>LOGDT011</logicalDatatype>
<ownDataTypeParameters>,,</ownDataTypeParameters>
<autoIncrementCycle>false</autoIncrementCycle>
</Column>
</columns>
<indexes itemClass="oracle.dbtools.crest.model.design.relational.Index">
<ind_PK_UK id="DACE6936-2075-027D-6D9F-98151237AD90" name="Play_PK">
<createdBy>User</createdBy>
<createdTime>2020-11-25 22:30:26 UTC</createdTime>
<generatorID>D0E30D65-3E24-D78A-4629-2AC88A4E5F9D</generatorID>
<ownerDesignName>theatremodel</ownerDesignName>
<pk>true</pk>
<indexState>Primary Constraint</indexState>
<isSurrogateKey>false</isSurrogateKey>
<indexColumnUsage>
<colUsage columnID="3FDC2A1F-345A-5FFA-C5C6-FFA62BD04754"/>
</indexColumnUsage>
</ind_PK_UK>
</indexes>
</Table>