<?xml version = '1.0' encoding = 'UTF-8'?>
<Table class="oracle.dbtools.crest.model.design.relational.Table" directorySegmentName="seg_0" id="E3F2E8E0-C06B-D34A-130A-6F9218B96D39" name="Country">
<createdBy>User</createdBy>
<createdTime>2020-11-25 22:30:26 UTC</createdTime>
<generatorID>9A00EEEA-E849-7FCE-BED2-AF8B2138B71F</generatorID>
<ownerDesignName>theatremodel</ownerDesignName>
<allowColumnReorder>false</allowColumnReorder>
<existDependencyGenerateInDDl>true</existDependencyGenerateInDDl>
<parsed>true</parsed>
<columns itemClass="oracle.dbtools.crest.model.design.relational.Column">
<Column name="idc" id="42AC80FE-947B-D3FF-E679-3D92C1969AC7">
<createdBy>User</createdBy>
<createdTime>2020-11-25 22:30:26 UTC</createdTime>
<generatorID>934754F0-052F-EFAA-B1E7-3A8C76EF2DBD</generatorID>
<ownerDesignName>theatremodel</ownerDesignName>
<useDomainConstraints>false</useDomainConstraints>
<use>1</use>
<logicalDatatype>LOGDT011</logicalDatatype>
<ownDataTypeParameters>,,</ownDataTypeParameters>
<autoIncrementCycle>false</autoIncrementCycle>
</Column>
<Column name="cname" id="35DC3F3D-A7E4-22F8-7FA1-8F2E9912EB01">
<createdBy>User</createdBy>
<createdTime>2020-11-25 22:30:26 UTC</createdTime>
<generatorID>23C358C8-EC15-529C-DC7C-E56C6D4D98DC</generatorID>
<ownerDesignName>theatremodel</ownerDesignName>
<useDomainConstraints>false</useDomainConstraints>
<use>1</use>
<logicalDatatype>LOGDT024</logicalDatatype>
<dataTypeSize>32 CHAR</dataTypeSize>
<ownDataTypeParameters>32 CHAR,,</ownDataTypeParameters>
<autoIncrementCycle>false</autoIncrementCycle>
</Column>
</columns>
<indexes itemClass="oracle.dbtools.crest.model.design.relational.Index">
<ind_PK_UK id="1A9AB418-563A-5CA8-ECEA-567FE87EA4D5" name="Country_PK">
<createdBy>User</createdBy>
<createdTime>2020-11-25 22:30:26 UTC</createdTime>
<generatorID>85410310-2626-2C06-F9D9-1CC1B617C477</generatorID>
<ownerDesignName>theatremodel</ownerDesignName>
<pk>true</pk>
<indexState>Primary Constraint</indexState>
<isSurrogateKey>false</isSurrogateKey>
<indexColumnUsage>
<colUsage columnID="42AC80FE-947B-D3FF-E679-3D92C1969AC7"/>
</indexColumnUsage>
</ind_PK_UK>
</indexes>
</Table>