<?xml version = '1.0' encoding = 'UTF-8'?>
<InheritanceRelation class="oracle.dbtools.crest.model.design.logical.InheritanceRelation" name="is_technician" directorySegmentName="seg_0" id="57C063A6-2226-78E7-F960-9438018FA64D">
<createdBy>dimit</createdBy>
<createdTime>2019-11-05 22:04:06 UTC</createdTime>
<ownerDesignName>pozoriste</ownerDesignName>
<engineerTo>
<item key="021EC0E8-2BAC-6DC0-6D5A-9C3587CE2BE9" value="true"/>
</engineerTo>
<identifying>false</identifying>
<nameOnSource>Super Type</nameOnSource>
<nameOnTarget>Sub Type</nameOnTarget>
<optionalSource>true</optionalSource>
<optionalTarget>true</optionalTarget>
<sourceEntity>2192F86E-AA82-90E8-98BA-9CE3A9238393</sourceEntity>
<targetEntity>92997BD7-9577-B4D6-2A82-67395F7D28DF</targetEntity>
<transferable>true</transferable>
<deleteRule>NO ACTION</deleteRule>
</InheritanceRelation>