<?xml version = '1.0' encoding = 'UTF-8'?>
<Entity class="oracle.dbtools.crest.model.design.logical.Entity" directorySegmentName="seg_0" id="92997BD7-9577-B4D6-2A82-67395F7D28DF" name="Technician">
<createdBy>dimit</createdBy>
<createdTime>2019-11-05 22:02:48 UTC</createdTime>
<ownerDesignName>theatremodel</ownerDesignName>
<adequatelyNormalized>NO</adequatelyNormalized>
<expectedVolumes>0</expectedVolumes>
<fwdEngineeringStrategyName>Single Table</fwdEngineeringStrategyName>
<growthPercent>0</growthPercent>
<growthType>Year</growthType>
<hierarchicalParent>2192F86E-AA82-90E8-98BA-9CE3A9238393</hierarchicalParent>
<maxVolumes>9999999</maxVolumes>
<minVolumes>0</minVolumes>
<normalForm>Third</normalForm>
<attributes itemClass="oracle.dbtools.crest.model.design.logical.Attribute">
<Attribute name="aptype_tc" id="34FAF0A5-672C-5ECC-706A-49E34433EB01">
<createdBy>dimit</createdBy>
<createdTime>2019-11-05 22:02:56 UTC</createdTime>
<ownerDesignName>theatremodel</ownerDesignName>
<useDomainConstraints>false</useDomainConstraints>
<use>1</use>
<logicalDatatype>LOGDT024</logicalDatatype>
<dataTypeSize>32 CHAR</dataTypeSize>
<ownDataTypeParameters>32 CHAR,,</ownDataTypeParameters>
</Attribute>
</attributes>
</Entity>