<?xml version = '1.0' encoding = 'UTF-8'?>
<Table class="oracle.dbtools.crest.model.design.relational.Table" directorySegmentName="seg_0" id="AC6DD261-778F-C38D-CE2F-1E4961E7D6D3" name="Theatre">
<createdBy>Milica</createdBy>
<createdTime>2020-11-26 08:11:52 UTC</createdTime>
<generatorID>EA1695B5-AE0D-573A-5DE8-5D3EFC2DF592</generatorID>
<ownerDesignName>theatremodel</ownerDesignName>
<allowColumnReorder>false</allowColumnReorder>
<existDependencyGenerateInDDl>true</existDependencyGenerateInDDl>
<parsed>true</parsed>
<columns itemClass="oracle.dbtools.crest.model.design.relational.Column">
<Column name="id_th" id="636B23C1-6116-D71A-1FB0-A1457A986FD8">
<createdBy>Milica</createdBy>
<createdTime>2020-11-26 08:11:52 UTC</createdTime>
<generatorID>4AD7254C-5BB3-8F5A-EDAB-89B97C2A6536</generatorID>
<ownerDesignName>theatremodel</ownerDesignName>
<useDomainConstraints>false</useDomainConstraints>
<use>1</use>
<logicalDatatype>LOGDT011</logicalDatatype>
<ownDataTypeParameters>,,</ownDataTypeParameters>
<autoIncrementCycle>false</autoIncrementCycle>
</Column>
<Column name="name_th" id="3AC5397D-12A0-4976-257D-E78AF8A9B10F">
<createdBy>Milica</createdBy>
<createdTime>2020-11-26 08:11:52 UTC</createdTime>
<generatorID>F081453E-33C7-F409-067A-F4ED24483EE0</generatorID>
<ownerDesignName>theatremodel</ownerDesignName>
<useDomainConstraints>false</useDomainConstraints>
<use>1</use>
<logicalDatatype>LOGDT024</logicalDatatype>
<dataTypeSize>64 CHAR</dataTypeSize>
<ownDataTypeParameters>64 CHAR,,</ownDataTypeParameters>
<autoIncrementCycle>false</autoIncrementCycle>
</Column>
<Column name="address_th" id="7FA87CE5-A96C-C0E2-EB3A-625B5B35A978">
<createdBy>Milica</createdBy>
<createdTime>2020-11-26 08:11:52 UTC</createdTime>
<generatorID>1723F38B-9AE0-EF56-0E4F-FFE19FCA06A1</generatorID>
<ownerDesignName>theatremodel</ownerDesignName>
<useDomainConstraints>false</useDomainConstraints>
<use>1</use>
<logicalDatatype>LOGDT024</logicalDatatype>
<dataTypeSize>64 CHAR</dataTypeSize>
<ownDataTypeParameters>64 CHAR,,</ownDataTypeParameters>
<autoIncrementCycle>false</autoIncrementCycle>
</Column>
<Column name="webiste_th" id="82324B0A-264B-AAF5-58BF-9962FDBD4B1B">
<createdBy>Milica</createdBy>
<createdTime>2020-11-26 08:11:52 UTC</createdTime>
<generatorID>418E6DBE-1BB4-6BA7-31AD-119B2A040052</generatorID>
<ownerDesignName>theatremodel</ownerDesignName>
<nullsAllowed>true</nullsAllowed>
<useDomainConstraints>false</useDomainConstraints>
<use>1</use>
<logicalDatatype>LOGDT024</logicalDatatype>
<dataTypeSize>64 CHAR</dataTypeSize>
<ownDataTypeParameters>64 CHAR,,</ownDataTypeParameters>
<autoIncrementCycle>false</autoIncrementCycle>
</Column>
<Column name="Place_id_pl" id="42FC744D-F926-9731-BEAB-FCD6F71061A2">
<createdBy>Milica</createdBy>
<createdTime>2020-11-26 08:11:52 UTC</createdTime>
<generatorID>F64F9782-E220-8908-EC11-8431FFD11A27</generatorID>
<ownerDesignName>theatremodel</ownerDesignName>
<useDomainConstraints>false</useDomainConstraints>
<use>1</use>
<logicalDatatype>LOGDT011</logicalDatatype>
<ownDataTypeParameters>,,</ownDataTypeParameters>
<previousColumn>false</previousColumn>
<autoIncrementCycle>false</autoIncrementCycle>
<associations>
<colAssociation fkAssociation="0E118CE0-635B-355C-A1DA-AF47922C8504" referredColumn="DC999EEA-6A5D-CFCF-5EC6-742666ED93FD"/>
</associations>
</Column>
</columns>
<indexes itemClass="oracle.dbtools.crest.model.design.relational.Index">
<ind_PK_UK id="7F21A5AA-6EB3-A1E9-776E-557C6F5C4603" name="Theatre_PK">
<createdBy>Milica</createdBy>
<createdTime>2020-11-26 08:11:52 UTC</createdTime>
<generatorID>41A17F08-7DE9-5D2B-BF8F-AEA6056E8C3F</generatorID>
<ownerDesignName>theatremodel</ownerDesignName>
<pk>true</pk>
<indexState>Primary Constraint</indexState>
<isSurrogateKey>false</isSurrogateKey>
<indexColumnUsage>
<colUsage columnID="636B23C1-6116-D71A-1FB0-A1457A986FD8"/>
</indexColumnUsage>
</ind_PK_UK>
<ind_PK_UK id="5E368703-1781-7D96-192F-7459492D92EE" name="Theatre_Place_FK">
<createdBy>Milica</createdBy>
<createdTime>2020-11-26 08:11:52 UTC</createdTime>
<generatorID>D742E29A-7701-1D6F-3534-EDDF87FA1CFA</generatorID>
<ownerDesignName>theatremodel</ownerDesignName>
<indexState>Foreign Key</indexState>
<isSurrogateKey>false</isSurrogateKey>
<indexColumnUsage>
<colUsage columnID="42FC744D-F926-9731-BEAB-FCD6F71061A2"/>
</indexColumnUsage>
</ind_PK_UK>
</indexes>
</Table>