<?xml version = '1.0' encoding = 'UTF-8'?>
<Diagram class="oracle.dbtools.crest.swingui.relational.DPVRelational" name="Relational_1" id="26AD6962-E9E8-217C-AEB6-AFBC74219B14">
<createdBy>User</createdBy>
<modifiedBy>User</modifiedBy>
<createdTime>2020-11-25 22:30:15 UTC</createdTime>
<autoRoute>false</autoRoute>
<boxInbox>true</boxInbox>
<showLegend>false</showLegend>
<showLabels>false</showLabels>
<showRelAttributes>false</showRelAttributes>
<gridEnabled>false</gridEnabled>
<showGrid>false</showGrid>
<diagramColor>-1</diagramColor>
<display>false</display>
<notation>1</notation>
<objectViews>
<OView class="oracle.dbtools.crest.swingui.relational.TVTable" oid="00790884-564C-F328-9B1F-7EE984512935" otype="Table" vid="1FF5D8A6-9DDB-A389-EA1B-3BFF0B2E4507">
<hideElementsInCurrentOnly>false</hideElementsInCurrentOnly>
<bounds x="608" y="34" width="193" height="135"/>
</OView>
<OView class="oracle.dbtools.crest.swingui.relational.TVTable" oid="03C51498-03C9-065F-F9E1-C2D01B96413D" otype="Table" vid="A35F0E0F-7BBD-695A-6215-869E150886F7">
<hideElementsInCurrentOnly>false</hideElementsInCurrentOnly>
<bounds x="143" y="238" width="173" height="146"/>
</OView>
<OView class="oracle.dbtools.crest.swingui.relational.TVTable" oid="2C9A05B0-217B-5019-4778-F56EB3FB3B07" otype="Table" vid="988189B0-A125-A30C-3808-FC25B45ABC82">
<hideElementsInCurrentOnly>false</hideElementsInCurrentOnly>
<bounds x="1148" y="389" width="150" height="58"/>
</OView>
<OView class="oracle.dbtools.crest.swingui.relational.TVTable" oid="37105735-55CB-E2B4-88D3-1304B67B1E99" otype="Table" vid="E1738C46-5867-BCCA-9680-C0B8FA23BCBF">
<hideElementsInCurrentOnly>false</hideElementsInCurrentOnly>
<bounds x="617" y="263" width="173" height="119"/>
</OView>
<OView class="oracle.dbtools.crest.swingui.relational.TVTable" oid="3D5E7222-C5F8-F6ED-8C3D-1AC509932040" otype="Table" vid="99BB2D65-53BE-7308-CB18-D8633A867605">
<hideElementsInCurrentOnly>false</hideElementsInCurrentOnly>
<bounds x="625" y="435" width="162" height="87"/>
</OView>
<OView class="oracle.dbtools.crest.swingui.relational.TVTable" oid="4C1872A7-F1BA-AFAA-05D1-AFDF1719A143" otype="Table" vid="BA1323AF-3BC2-9773-5986-8DD4E89B79D2">
<hideElementsInCurrentOnly>false</hideElementsInCurrentOnly>
<bounds x="866" y="27" width="192" height="144"/>
</OView>
<OView class="oracle.dbtools.crest.swingui.relational.TVTable" oid="8BEAB354-3F3D-1E02-7BA1-7B851C6B7F33" otype="Table" vid="D3ECD3DA-0F35-01D3-3683-8BB6F3FC9A16">
<hideElementsInCurrentOnly>false</hideElementsInCurrentOnly>
<bounds x="397" y="50" width="162" height="124"/>
</OView>
<OView class="oracle.dbtools.crest.swingui.relational.TVTable" oid="A25C1C20-74C6-1D83-7DDD-AF19FEE84395" otype="Table" vid="6121EDD5-22C7-540E-4861-942A2273C5DF">
<hideElementsInCurrentOnly>false</hideElementsInCurrentOnly>
<bounds x="399" y="273" width="160" height="113"/>
</OView>
<OView class="oracle.dbtools.crest.swingui.relational.TVTable" oid="ABCF88D9-305A-280A-E0DB-D020D421F6D7" otype="Table" vid="04DAADA8-B46F-785C-9E8E-7813353209BC">
<hideElementsInCurrentOnly>false</hideElementsInCurrentOnly>
<bounds x="888" y="415" width="163" height="151"/>
</OView>
<OView class="oracle.dbtools.crest.swingui.relational.TVTable" oid="C736C84C-CC4E-1FFE-4542-2E826E859CD8" otype="Table" vid="8DEA9135-A651-9DEE-348D-B05D0F8B6C6E">
<hideElementsInCurrentOnly>false</hideElementsInCurrentOnly>
<bounds x="1089" y="246" width="166" height="89"/>
</OView>
<OView class="oracle.dbtools.crest.swingui.relational.TVTable" oid="CB5717B1-81B2-DD03-37C7-FDA23B554811" otype="Table" vid="361D8EF0-3392-B618-248A-E7F102366C94">
<hideElementsInCurrentOnly>false</hideElementsInCurrentOnly>
<bounds x="153" y="49" width="169" height="107"/>
</OView>
<OView class="oracle.dbtools.crest.swingui.relational.TVTable" oid="E3F2E8E0-C06B-D34A-130A-6F9218B96D39" otype="Table" vid="EAB2D3CE-BD33-3AE8-9E7A-2B64B8846B47">
<hideElementsInCurrentOnly>false</hideElementsInCurrentOnly>
<bounds x="1089" y="93" width="166" height="81"/>
</OView>
<OView class="oracle.dbtools.crest.swingui.relational.TVTable" oid="EF978A4E-A5FD-DEE8-5B1D-DC757C46C152" otype="Table" vid="1972C6D6-92B3-8C4A-9A55-217D32C4CE0E">
<hideElementsInCurrentOnly>false</hideElementsInCurrentOnly>
<bounds x="1149" y="457" width="150" height="52"/>
</OView>
</objectViews>
<connectors>
<Connector class="oracle.dbtools.crest.swingui.relational.TVFKRelation" oid="06EEE6E4-65FC-49D3-B366-CE5BC42BD5B8" otype="FKIndexAssociation" vid_source="99BB2D65-53BE-7308-CB18-D8633A867605" vid_target="04DAADA8-B46F-785C-9E8E-7813353209BC">
<hideElementsInCurrentOnly>false</hideElementsInCurrentOnly>
<backgroundColor>-16777216</backgroundColor>
<lineWidth>1</lineWidth>
<points>
<point x="787" y="478"/>
<point x="888" y="478"/>
</points>
</Connector>
<Connector class="oracle.dbtools.crest.swingui.relational.TVFKRelation" oid="0A8C3492-05D5-3B2A-63BA-8C8E20626D9E" otype="FKIndexAssociation" vid_source="04DAADA8-B46F-785C-9E8E-7813353209BC" vid_target="04DAADA8-B46F-785C-9E8E-7813353209BC">
<hideElementsInCurrentOnly>false</hideElementsInCurrentOnly>
<backgroundColor>-16777216</backgroundColor>
<lineWidth>1</lineWidth>
<points>
<point x="1051" y="503"/>
<point x="1076" y="503"/>
<point x="1076" y="591"/>
<point x="983" y="591"/>
<point x="983" y="566"/>
</points>
</Connector>
<Connector class="oracle.dbtools.crest.swingui.relational.TVFKRelation" oid="0E29381E-66F2-ABD4-18EF-73E60B7E455B" otype="FKIndexAssociation" vid_source="E1738C46-5867-BCCA-9680-C0B8FA23BCBF" vid_target="6121EDD5-22C7-540E-4861-942A2273C5DF">
<hideElementsInCurrentOnly>false</hideElementsInCurrentOnly>
<backgroundColor>-16777216</backgroundColor>
<lineWidth>1</lineWidth>
<points>
<point x="617" y="327"/>
<point x="559" y="327"/>
</points>
</Connector>
<Connector class="oracle.dbtools.crest.swingui.relational.TVFKRelation" oid="249EC69D-E8B2-FA88-AAAA-9110BE25BDF9" otype="FKIndexAssociation" vid_source="D3ECD3DA-0F35-01D3-3683-8BB6F3FC9A16" vid_target="1FF5D8A6-9DDB-A389-EA1B-3BFF0B2E4507">
<hideElementsInCurrentOnly>false</hideElementsInCurrentOnly>
<backgroundColor>-16777216</backgroundColor>
<lineWidth>1</lineWidth>
<points>
<point x="559" y="109"/>
<point x="608" y="109"/>
</points>
</Connector>
<Connector class="oracle.dbtools.crest.swingui.relational.TVFKRelation" oid="2E0E33F2-CFDC-7299-9DDA-184D7A8F5B4F" otype="FKIndexAssociation" vid_source="E1738C46-5867-BCCA-9680-C0B8FA23BCBF" vid_target="99BB2D65-53BE-7308-CB18-D8633A867605">
<hideElementsInCurrentOnly>false</hideElementsInCurrentOnly>
<backgroundColor>-16777216</backgroundColor>
<lineWidth>1</lineWidth>
<points>
<point x="706" y="382"/>
<point x="701" y="522"/>
</points>
</Connector>
<Connector class="oracle.dbtools.crest.swingui.relational.TVFKRelation" oid="2EE1B2A1-3DAA-A537-2AC6-7E2C9408FFAA" otype="FKIndexAssociation" vid_source="EAB2D3CE-BD33-3AE8-9E7A-2B64B8846B47" vid_target="8DEA9135-A651-9DEE-348D-B05D0F8B6C6E">
<hideElementsInCurrentOnly>false</hideElementsInCurrentOnly>
<backgroundColor>-16777216</backgroundColor>
<lineWidth>1</lineWidth>
<points>
<point x="1239" y="174"/>
<point x="1239" y="246"/>
</points>
</Connector>
<Connector class="oracle.dbtools.crest.swingui.relational.TVFKRelation" oid="34F27F71-1CC2-4118-7929-FC3E2BC0223A" otype="FKIndexAssociation" vid_source="361D8EF0-3392-B618-248A-E7F102366C94" vid_target="D3ECD3DA-0F35-01D3-3683-8BB6F3FC9A16">
<hideElementsInCurrentOnly>false</hideElementsInCurrentOnly>
<backgroundColor>-16777216</backgroundColor>
<lineWidth>1</lineWidth>
<points>
<point x="322" y="103"/>
<point x="397" y="103"/>
</points>
</Connector>
<Connector class="oracle.dbtools.crest.swingui.relational.TVFKRelation" oid="4386A154-EE70-CE1D-192F-1BD56B4DE3FB" otype="FKIndexAssociation" vid_source="BA1323AF-3BC2-9773-5986-8DD4E89B79D2" vid_target="1FF5D8A6-9DDB-A389-EA1B-3BFF0B2E4507">
<hideElementsInCurrentOnly>false</hideElementsInCurrentOnly>
<backgroundColor>-16777216</backgroundColor>
<lineWidth>1</lineWidth>
<points>
<point x="866" y="116"/>
<point x="801" y="116"/>
</points>
</Connector>
<Connector class="oracle.dbtools.crest.swingui.relational.TVFKRelation" oid="5436AE80-EA0D-CD94-7362-6383D7D040EB" otype="FKIndexAssociation" vid_source="361D8EF0-3392-B618-248A-E7F102366C94" vid_target="A35F0E0F-7BBD-695A-6215-869E150886F7">
<hideElementsInCurrentOnly>false</hideElementsInCurrentOnly>
<backgroundColor>-16777216</backgroundColor>
<lineWidth>1</lineWidth>
<points>
<point x="234" y="156"/>
<point x="234" y="238"/>
</points>
</Connector>
<Connector class="oracle.dbtools.crest.swingui.relational.TVFKRelation" oid="5F9E291B-B83D-9F88-7DF5-735638E786E5" otype="FKIndexAssociation" vid_source="E1738C46-5867-BCCA-9680-C0B8FA23BCBF" vid_target="BA1323AF-3BC2-9773-5986-8DD4E89B79D2">
<hideElementsInCurrentOnly>false</hideElementsInCurrentOnly>
<backgroundColor>-16777216</backgroundColor>
<lineWidth>1</lineWidth>
<points>
<point x="790" y="277"/>
<point x="956" y="277"/>
<point x="956" y="171"/>
</points>
</Connector>
<Connector class="oracle.dbtools.crest.swingui.relational.TVFKRelation" oid="6619F38E-3062-4DEC-A4E6-99B180676631" otype="FKIndexAssociation" vid_source="04DAADA8-B46F-785C-9E8E-7813353209BC" vid_target="988189B0-A125-A30C-3808-FC25B45ABC82">
<hideElementsInCurrentOnly>false</hideElementsInCurrentOnly>
<backgroundColor>-16777216</backgroundColor>
<lineWidth>1</lineWidth>
<points>
<point x="1051" y="431"/>
<point x="1148" y="431"/>
</points>
</Connector>
<Connector class="oracle.dbtools.crest.swingui.relational.TVFKRelation" oid="979B1E84-79D6-B8BA-07C7-51B60C7C9BA7" otype="FKIndexAssociation" vid_source="04DAADA8-B46F-785C-9E8E-7813353209BC" vid_target="1972C6D6-92B3-8C4A-9A55-217D32C4CE0E">
<hideElementsInCurrentOnly>false</hideElementsInCurrentOnly>
<backgroundColor>-16777216</backgroundColor>
<lineWidth>1</lineWidth>
<points>
<point x="1051" y="483"/>
<point x="1149" y="483"/>
</points>
</Connector>
<Connector class="oracle.dbtools.crest.swingui.relational.TVFKRelation" oid="B0B3C26C-F8CB-F6CF-3278-CCFFD64E0B5A" otype="FKIndexAssociation" vid_source="8DEA9135-A651-9DEE-348D-B05D0F8B6C6E" vid_target="E1738C46-5867-BCCA-9680-C0B8FA23BCBF">
<hideElementsInCurrentOnly>false</hideElementsInCurrentOnly>
<backgroundColor>-16777216</backgroundColor>
<lineWidth>1</lineWidth>
<points>
<point x="1089" y="299"/>
<point x="790" y="301"/>
</points>
</Connector>
<Connector class="oracle.dbtools.crest.swingui.relational.TVFKRelation" oid="D543E7B9-A602-9C68-DBEA-FA4C77364731" otype="FKIndexAssociation" vid_source="6121EDD5-22C7-540E-4861-942A2273C5DF" vid_target="A35F0E0F-7BBD-695A-6215-869E150886F7">
<hideElementsInCurrentOnly>false</hideElementsInCurrentOnly>
<backgroundColor>-16777216</backgroundColor>
<lineWidth>1</lineWidth>
<points>
<point x="399" y="328"/>
<point x="316" y="328"/>
</points>
</Connector>
</connectors>
<arcs>
<Arc class="oracle.dbtools.crest.swingui.relational.TVFKArc" oid="621B9FA3-4E80-70B0-AA58-4E78524171FC" otype="FKArc" vid="F9269EF5-B1AB-38A0-C8C6-465D172A0FF7">
<hideElementsInCurrentOnly>false</hideElementsInCurrentOnly>
<bounds x="868" y="395" width="203" height="191"/>
</Arc>
</arcs>
</Diagram>